fixture,initial_scale,latent_magnitude,scale_mode,option,first_useful_flip,first_all_correct,wrong_flip_events,full_correct_updates,tail16_full_correct_updates,correct,min_margin,ce,cumulative_sign_flips,cumulative_flip_backs,sustained_disagreement,net_sign_disagreement,min_latent_distance,effective_scale,gradient_norm,sign_gradient_norm,scale_gradient_norm,transformed_sign_gradient_norm,transformed_scale_gradient_norm,clipped_scale_gradient_norm
linear,0.01,0.5,frozen,baseline,,,0,0,0,2,-0.009999999776482582,0.6882972121238708,0,0,0,0,0.4360008239746094,0.009999999776482582,0.008604082278907299,0.008604082278907299,0.0,0.008604082278907299,0.0,0
linear,0.01,0.5,frozen,weight_unit,,,0,0,0,2,-0.009999999776482582,0.6882972121238708,0,0,0,0,0.4360008239746094,0.009999999776482582,0.8604081869125366,0.008604082278907299,0.0,0.8604081869125366,0.0,0
linear,0.01,0.5,frozen,per_family,,,0,0,0,2,-0.009999999776482582,0.6882972121238708,0,0,0,0,0.4360008239746094,0.009999999776482582,0.008604082278907299,0.008604082278907299,0.0,0.008604082278907299,0.0,0
linear,0.01,0.5,frozen,weight_unit_per_family,,,0,0,0,2,-0.009999999776482582,0.6882972121238708,0,0,0,0,0.4360008239746094,0.009999999776482582,0.8604081869125366,0.008604082278907299,0.0,0.8604081869125366,0.0,0
linear,0.01,0.5,joint,baseline,,,0,0,0,2,-0.01063963770866394,0.6879971623420715,0,0,0,0,0.43543848395347595,0.01063963770866394,0.4682086706161499,0.009142192080616951,0.46811941266059875,0.009142192080616951,0.46811941266059875,0.46811941266059875
linear,0.01,0.5,joint,weight_unit,,,0,0,0,2,-0.01063963770866394,0.6879971623420715,0,0,0,0,0.4359888732433319,0.01063963770866394,0.9792075753211975,0.009142192080616951,0.46811941266059875,0.8600649833679199,0.46811941266059875,0.46811941266059875
linear,0.01,0.5,joint,per_family,,,0,0,0,2,-0.01063963770866394,0.6879971623420715,0,0,0,0,0.43543848395347595,0.01063963770866394,0.4682086758975562,0.009142192080616951,0.46811941266059875,0.009142192080616951,0.46811941266059875,0.46811941266059875
linear,0.01,0.5,joint,weight_unit_per_family,,,0,0,0,2,-0.01063963770866394,0.6879971623420715,0,0,0,0,0.4359888732433319,0.01063963770866394,0.9792076184984287,0.009142192080616951,0.46811941266059875,0.8600649833679199,0.46811941266059875,0.46811941266059875
linear,0.01,0.02,frozen,baseline,21,21,0,44,16,4,0.009999999776482582,0.678297221660614,1,0,1,1,0.043413370847702026,0.009999999776482582,0.008487089537084103,0.008487089537084103,0.0,0.008487089537084103,0.0,0
linear,0.01,0.02,frozen,weight_unit,20,20,0,45,16,4,0.009999999776482582,0.678297221660614,1,0,1,1,0.04341676086187363,0.009999999776482582,0.8487089276313782,0.008487089537084103,0.0,0.8487089276313782,0.0,0
linear,0.01,0.02,frozen,per_family,21,21,0,44,16,4,0.009999999776482582,0.678297221660614,1,0,1,1,0.043413370847702026,0.009999999776482582,0.008487089537084103,0.008487089537084103,0.0,0.008487089537084103,0.0,0
linear,0.01,0.02,frozen,weight_unit_per_family,20,20,0,45,16,4,0.009999999776482582,0.678297221660614,1,0,1,1,0.04341676086187363,0.009999999776482582,0.8487089276313782,0.008487089537084103,0.0,0.8487089276313782,0.0,0
linear,0.01,0.02,joint,baseline,20,20,0,45,16,4,0.01071525365114212,0.6772465109825134,1,0,1,1,0.03786158934235573,0.01071525365114212,1.4679250717163086,0.009071413427591324,1.4678970575332642,0.009071413427591324,1.4678970575332642,0.9999802708625793
linear,0.01,0.02,joint,weight_unit,20,20,0,45,16,4,0.010706264525651932,0.6772596836090088,1,0,1,1,0.034778255969285965,0.010706264525651932,1.695012092590332,0.009064090438187122,1.4679235219955444,0.847506046295166,1.4679235219955444,0.8660248517990112
linear,0.01,0.02,joint,per_family,20,20,0,45,16,4,0.01071525551378727,0.6772465109825134,1,0,1,1,0.0440179668366909,0.01071525551378727,1.4679250873448513,0.009071413427591324,1.4678970575332642,0.009071413427591324,1.4678970575332642,0.9999993443489075
linear,0.01,0.02,joint,weight_unit_per_family,20,20,0,45,16,4,0.01071525551378727,0.6772465109825134,1,0,1,1,0.04340016096830368,0.01071525551378727,1.694981505914964,0.009071413427591324,1.4678970575332642,0.8474907279014587,1.4678970575332642,0.9999993443489075
linear,1,0.5,frozen,baseline,,,0,0,0,2,-1.0,1.0958149433135986,0,0,0,0,0.4360008239746094,1.0,0.9430950284004211,0.9430950284004211,0.0,0.9430950284004211,0.0,0
linear,1,0.5,frozen,weight_unit,,,0,0,0,2,-1.0,1.0958149433135986,0,0,0,0,0.4360008239746094,1.0,0.9430950284004211,0.9430950284004211,0.0,0.9430950284004211,0.0,0
linear,1,0.5,frozen,per_family,,,0,0,0,2,-1.0,1.0958149433135986,0,0,0,0,0.4360008239746094,1.0,0.9430950284004211,0.9430950284004211,0.0,0.9430950284004211,0.0,0
linear,1,0.5,frozen,weight_unit_per_family,,,0,0,0,2,-1.0,1.0958149433135986,0,0,0,0,0.4360008239746094,1.0,0.9430950284004211,0.9430950284004211,0.0,0.9430950284004211,0.0,0
linear,1,0.5,joint,baseline,,,0,0,0,2,-0.9993599653244019,1.0952918529510498,0,0,0,0,0.4360019564628601,0.9993599653244019,1.2474490404129028,0.9424394369125366,0.8172740936279297,0.9424394369125366,0.8172740936279297,0.6551557779312134
linear,1,0.5,joint,weight_unit,,,0,0,0,2,-0.9993600249290466,1.0952918529510498,0,0,0,0,0.43599933385849,0.9993600249290466,1.247897982597351,0.9424394965171814,0.8172741532325745,0.9430335760116577,0.8172741532325745,0.6549201607704163
linear,1,0.5,joint,per_family,,,0,0,0,2,-0.9993600249290466,1.0952918529510498,0,0,0,0,0.43600645661354065,0.9993600249290466,1.2474490956097488,0.9424394965171814,0.8172741532325745,0.9424394965171814,0.8172741532325745,0.8172741532325745
linear,1,0.5,joint,weight_unit_per_family,,,0,0,0,2,-0.9993600249290466,1.0952918529510498,0,0,0,0,0.4360008239746094,0.9993600249290466,1.2478979794147262,0.9424394965171814,0.8172741532325745,0.9430335760116577,0.8172741532325745,0.8172741532325745
linear,1,0.02,frozen,baseline,20,20,0,45,16,4,1.0,0.09581492841243744,1,0,1,1,0.013473705388605595,1.0,0.10537411272525787,0.10537411272525787,0.0,0.10537411272525787,0.0,0
linear,1,0.02,frozen,weight_unit,20,20,0,45,16,4,1.0,0.09581492841243744,1,0,1,1,0.013473705388605595,1.0,0.10537411272525787,0.10537411272525787,0.0,0.10537411272525787,0.0,0
linear,1,0.02,frozen,per_family,20,20,0,45,16,4,1.0,0.09581492841243744,1,0,1,1,0.013473705388605595,1.0,0.10537411272525787,0.10537411272525787,0.0,0.10537411272525787,0.0,0
linear,1,0.02,frozen,weight_unit_per_family,20,20,0,45,16,4,1.0,0.09581492841243744,1,0,1,1,0.013473705388605595,1.0,0.10537411272525787,0.10537411272525787,0.0,0.10537411272525787,0.0,0
linear,1,0.02,joint,baseline,21,21,0,44,16,4,0.9998279809951782,0.09584632515907288,1,0,1,1,0.015112040564417839,0.9998279809951782,0.21080760657787323,0.10538986325263977,0.18257279694080353,0.10538986325263977,0.18257279694080353,0.18257279694080353
linear,1,0.02,joint,weight_unit,20,20,0,45,16,4,0.9998443126678467,0.0958433523774147,1,0,1,1,0.014323837123811245,0.9998443126678467,0.2108106166124344,0.10538841784000397,0.18256734311580658,0.1054053083062172,0.18256734311580658,0.18256734311580658
linear,1,0.02,joint,per_family,21,21,0,44,16,4,0.9998021125793457,0.09585104882717133,1,0,1,1,0.014302801340818405,0.9998021125793457,0.21081604721868913,0.10539209842681885,0.18258124589920044,0.10539209842681885,0.18258124589920044,0.18258124589920044
linear,1,0.02,joint,weight_unit_per_family,21,21,0,44,16,4,0.9998021125793457,0.09585104882717133,1,0,1,1,0.014303909614682198,0.9998021125793457,0.2108266672193714,0.10539209842681885,0.18258124589920044,0.10541334003210068,0.18258124589920044,0.18258124589920044
linear,100,0.5,frozen,baseline,,,0,0,0,2,-100.0,100.0,0,0,0,0,0.4360008239746094,100.0,100.0,100.0,0.0,100.0,0.0,0
linear,100,0.5,frozen,weight_unit,,,0,0,0,2,-100.0,100.0,0,0,0,0,0.4360008239746094,100.0,1.0,100.0,0.0,1.0,0.0,0
linear,100,0.5,frozen,per_family,,,0,0,0,2,-100.0,100.0,0,0,0,0,0.4360008239746094,100.0,100.0,100.0,0.0,100.0,0.0,0
linear,100,0.5,frozen,weight_unit_per_family,,,0,0,0,2,-100.0,100.0,0,0,0,0,0.4360008239746094,100.0,1.0,100.0,0.0,1.0,0.0,0
linear,100,0.5,joint,baseline,,,0,0,0,2,-99.99935913085938,99.99935913085938,0,0,0,0,0.4360008239746094,99.99935913085938,100.00436401367188,99.9993667602539,1.0,99.9993667602539,1.0,0.009999563917517662
linear,100,0.5,joint,weight_unit,,,0,0,0,2,-99.99935913085938,99.99935913085938,0,0,0,0,0.4360008239746094,99.99935913085938,1.4142135381698608,99.9993667602539,1.0,1.0,1.0,0.7071062922477722
linear,100,0.5,joint,per_family,,,0,0,0,2,-99.99935913085938,99.99935913085938,0,0,0,0,0.4360008239746094,99.99935913085938,100.00436666691996,99.9993667602539,1.0,99.9993667602539,1.0,0.9999990463256836
linear,100,0.5,joint,weight_unit_per_family,,,0,0,0,2,-99.99935913085938,99.99935913085938,0,0,0,0,0.4360008239746094,99.99935913085938,1.4142135623730951,99.9993667602539,1.0,1.0,1.0,0.9999990463256836
linear,100,0.02,frozen,baseline,20,20,0,45,16,4,100.0,0.0,1,0,1,1,0.010012182407081127,100.0,0.0,0.0,0.0,0.0,0.0,0
linear,100,0.02,frozen,weight_unit,20,20,0,45,16,4,100.0,0.0,1,0,1,1,0.010012183338403702,100.0,0.0,0.0,0.0,0.0,0.0,0
linear,100,0.02,frozen,per_family,20,20,0,45,16,4,100.0,0.0,1,0,1,1,0.010012182407081127,100.0,0.0,0.0,0.0,0.0,0.0,0
linear,100,0.02,frozen,weight_unit_per_family,20,20,0,45,16,4,100.0,0.0,1,0,1,1,0.010012183338403702,100.0,0.0,0.0,0.0,0.0,0.0,0
linear,100,0.02,joint,baseline,20,20,0,45,16,4,99.99970245361328,0.0,1,0,1,1,0.010012186132371426,99.99970245361328,0.0,0.0,0.0,0.0,0.0,0.0
linear,100,0.02,joint,weight_unit,20,20,0,45,16,4,99.99970245361328,0.0,1,0,1,1,0.010012186132371426,99.99970245361328,0.0,0.0,0.0,0.0,0.0,0.0
linear,100,0.02,joint,per_family,20,20,0,45,16,4,99.99970245361328,0.0,1,0,1,1,0.010012182407081127,99.99970245361328,0.0,0.0,0.0,0.0,0.0,0.0
linear,100,0.02,joint,weight_unit_per_family,20,20,0,45,16,4,99.99970245361328,0.0,1,0,1,1,0.010012181475758553,99.99970245361328,0.0,0.0,0.0,0.0,0.0,0.0
recurrent,0.01,0.5,frozen,baseline,,,0,0,0,8,-0.15000000596046448,0.6493404507637024,0,0,0,0,0.5639991760253906,0.009999999776482582,0.004090400412678719,0.004090400412678719,0.0,0.004090400412678719,0.0,0
recurrent,0.01,0.5,frozen,weight_unit,,,0,0,0,8,-0.15000000596046448,0.6493404507637024,0,0,0,0,0.5639991760253906,0.009999999776482582,0.40904003381729126,0.004090400412678719,0.0,0.40904003381729126,0.0,0
recurrent,0.01,0.5,frozen,per_family,,,0,0,0,8,-0.15000000596046448,0.6493404507637024,0,0,0,0,0.5639991760253906,0.009999999776482582,0.004090400412678719,0.004090400412678719,0.0,0.004090400412678719,0.0,0
recurrent,0.01,0.5,frozen,weight_unit_per_family,,,0,0,0,8,-0.15000000596046448,0.6493404507637024,0,0,0,0,0.5639991760253906,0.009999999776482582,0.40904003381729126,0.004090400412678719,0.0,0.40904003381729126,0.0,0
recurrent,0.01,0.5,joint,baseline,,,0,0,0,8,-0.15000000596046448,0.6490208506584167,0,0,0,0,0.5645365118980408,0.010639932006597519,0.4970710575580597,0.0043454039841890335,0.49705207347869873,0.0043454039841890335,0.49705207347869873,0.49705207347869873
recurrent,0.01,0.5,joint,weight_unit,,,0,0,0,8,-0.15000000596046448,0.6490208506584167,0,0,0,0,0.5639864206314087,0.010639932006597519,0.643559992313385,0.0043454039841890335,0.49705207347869873,0.40878933668136597,0.49705207347869873,0.49705207347869873
recurrent,0.01,0.5,joint,per_family,,,0,0,0,8,-0.15000000596046448,0.6490208506584167,0,0,0,0,0.5645365118980408,0.010639932006597519,0.49707106764049297,0.0043454039841890335,0.49705207347869873,0.0043454039841890335,0.49705207347869873,0.49705207347869873
recurrent,0.01,0.5,joint,weight_unit_per_family,,,0,0,0,8,-0.15000000596046448,0.6490208506584167,0,0,0,0,0.5639864206314087,0.010639932006597519,0.6435600092717577,0.0043454039841890335,0.49705207347869873,0.40878933668136597,0.49705207347869873,0.49705207347869873
recurrent,0.01,0.02,frozen,baseline,,,0,0,0,8,-0.15000000596046448,0.6493404507637024,0,0,0,0,0.08399933576583862,0.009999999776482582,0.004090400412678719,0.004090400412678719,0.0,0.004090400412678719,0.0,0
recurrent,0.01,0.02,frozen,weight_unit,,,0,0,0,8,-0.15000000596046448,0.6493404507637024,0,0,0,0,0.08399999141693115,0.009999999776482582,0.40904003381729126,0.004090400412678719,0.0,0.40904003381729126,0.0,0
recurrent,0.01,0.02,frozen,per_family,,,0,0,0,8,-0.15000000596046448,0.6493404507637024,0,0,0,0,0.08399933576583862,0.009999999776482582,0.004090400412678719,0.004090400412678719,0.0,0.004090400412678719,0.0,0
recurrent,0.01,0.02,frozen,weight_unit_per_family,,,0,0,0,8,-0.15000000596046448,0.6493404507637024,0,0,0,0,0.08399999141693115,0.009999999776482582,0.40904003381729126,0.004090400412678719,0.0,0.40904003381729126,0.0,0
recurrent,0.01,0.02,joint,baseline,,,0,0,0,8,-0.15000000596046448,0.6490208506584167,0,0,0,0,0.08453669399023056,0.010639932006597519,0.4970710575580597,0.0043454039841890335,0.49705207347869873,0.0043454039841890335,0.49705207347869873,0.49705207347869873
recurrent,0.01,0.02,joint,weight_unit,,,0,0,0,8,-0.15000000596046448,0.6490208506584167,0,0,0,0,0.08398641645908356,0.010639932006597519,0.643559992313385,0.0043454039841890335,0.49705207347869873,0.40878933668136597,0.49705207347869873,0.49705207347869873
recurrent,0.01,0.02,joint,per_family,,,0,0,0,8,-0.15000000596046448,0.6490208506584167,0,0,0,0,0.08453669399023056,0.010639932006597519,0.49707106764049297,0.0043454039841890335,0.49705207347869873,0.0043454039841890335,0.49705207347869873,0.49705207347869873
recurrent,0.01,0.02,joint,weight_unit_per_family,,,0,0,0,8,-0.15000000596046448,0.6490208506584167,0,0,0,0,0.08398641645908356,0.010639932006597519,0.6435600092717577,0.0043454039841890335,0.49705207347869873,0.40878933668136597,0.49705207347869873,0.49705207347869873
recurrent,1,0.5,frozen,baseline,,,0,0,0,8,-0.15000000596046448,0.4018716812133789,0,0,0,0,0.4360008239746094,1.0,0.13476146757602692,0.13476146757602692,0.0,0.13476146757602692,0.0,0
recurrent,1,0.5,frozen,weight_unit,,,0,0,0,8,-0.15000000596046448,0.4018716812133789,0,0,0,0,0.4360008239746094,1.0,0.13476146757602692,0.13476146757602692,0.0,0.13476146757602692,0.0,0
recurrent,1,0.5,frozen,per_family,,,0,0,0,8,-0.15000000596046448,0.4018716812133789,0,0,0,0,0.4360008239746094,1.0,0.13476146757602692,0.13476146757602692,0.0,0.13476146757602692,0.0,0
recurrent,1,0.5,frozen,weight_unit_per_family,,,0,0,0,8,-0.15000000596046448,0.4018716812133789,0,0,0,0,0.4360008239746094,1.0,0.13476146757602692,0.13476146757602692,0.0,0.13476146757602692,0.0,0
recurrent,1,0.5,joint,baseline,,,0,0,0,8,-0.15000000596046448,0.4018315374851227,0,0,0,0,0.4359969198703766,1.0006399154663086,0.14114932715892792,0.13476747274398804,0.0419626422226429,0.13476747274398804,0.0419626422226429,0.0419626422226429
recurrent,1,0.5,joint,weight_unit,,,0,0,0,8,-0.15000000596046448,0.4018315374851227,0,0,0,0,0.4360027313232422,1.0006399154663086,0.14106833934783936,0.13476747274398804,0.0419626422226429,0.13468264043331146,0.0419626422226429,0.0419626422226429
recurrent,1,0.5,joint,per_family,,,0,0,0,8,-0.15000000596046448,0.4018315374851227,0,0,0,0,0.4359969198703766,1.0006399154663086,0.14114933599598367,0.13476747274398804,0.0419626422226429,0.13476747274398804,0.0419626422226429,0.0419626422226429
recurrent,1,0.5,joint,weight_unit_per_family,,,0,0,0,8,-0.15000000596046448,0.4018315374851227,0,0,0,0,0.4360027313232422,1.0006399154663086,0.14106834151004327,0.13476747274398804,0.0419626422226429,0.13468264043331146,0.0419626422226429,0.0419626422226429
recurrent,1,0.02,frozen,baseline,20,20,3,22,6,12,0.15000000596046448,0.36375513672828674,7,3,1,1,0.00024825354921631515,1.0,0.2438381314277649,0.2438381314277649,0.0,0.2438381314277649,0.0,0
recurrent,1,0.02,frozen,weight_unit,20,20,3,22,6,12,0.15000000596046448,0.36375513672828674,7,3,1,1,0.00024825354921631515,1.0,0.2438381314277649,0.2438381314277649,0.0,0.2438381314277649,0.0,0
recurrent,1,0.02,frozen,per_family,20,20,3,22,6,12,0.15000000596046448,0.36375513672828674,7,3,1,1,0.00024825354921631515,1.0,0.2438381314277649,0.2438381314277649,0.0,0.2438381314277649,0.0,0
recurrent,1,0.02,frozen,weight_unit_per_family,20,20,3,22,6,12,0.15000000596046448,0.36375513672828674,7,3,1,1,0.00024825354921631515,1.0,0.2438381314277649,0.2438381314277649,0.0,0.2438381314277649,0.0,0
recurrent,1,0.02,joint,baseline,20,20,3,22,6,12,0.15000000596046448,0.36369383335113525,7,3,1,1,0.00023668489302508533,1.0006475448608398,0.2706283926963806,0.2439480870962143,0.11717104911804199,0.2439480870962143,0.11717104911804199,0.11717104911804199
recurrent,1,0.02,joint,weight_unit,21,21,3,21,4,8,-0.15000000596046448,0.4018307030200958,6,3,0,0,0.0001980041852220893,1.000652551651001,0.14106635749340057,0.13476762175559998,0.04196137189865112,0.13468095660209656,0.04196137189865112,0.04196137189865112
recurrent,1,0.02,joint,per_family,20,20,3,22,6,12,0.15000000596046448,0.36369383335113525,7,3,1,1,0.00023668489302508533,1.0006475448608398,0.27062838718309795,0.2439480870962143,0.11717104911804199,0.2439480870962143,0.11717104911804199,0.11717104911804199
recurrent,1,0.02,joint,weight_unit_per_family,21,21,3,21,4,8,-0.15000000596046448,0.4018307030200958,6,3,0,0,0.0001980041852220893,1.000652551651001,0.1410663560274835,0.13476762175559998,0.04196137189865112,0.13468095660209656,0.04196137189865112,0.04196137189865112
recurrent,100,0.5,frozen,baseline,,,0,0,0,8,-0.15000000596046448,0.3771776258945465,0,0,0,0,0.4360008239746094,100.0,1561.3428955078125,1561.3428955078125,0.0,1561.3428955078125,0.0,0
recurrent,100,0.5,frozen,weight_unit,,,0,0,0,8,-0.15000000596046448,0.3771776258945465,0,0,0,0,0.4360008239746094,100.0,15.613429069519043,1561.3428955078125,0.0,15.613429069519043,0.0,0
recurrent,100,0.5,frozen,per_family,,,0,0,0,8,-0.15000000596046448,0.3771776258945465,0,0,0,0,0.4360008239746094,100.0,1561.3428955078125,1561.3428955078125,0.0,1561.3428955078125,0.0,0
recurrent,100,0.5,frozen,weight_unit_per_family,,,0,0,0,8,-0.15000000596046448,0.3771776258945465,0,0,0,0,0.4360008239746094,100.0,15.613429069519043,1561.3428955078125,0.0,15.613429069519043,0.0,0
recurrent,100,0.5,joint,baseline,,,0,0,0,8,-0.15000000596046448,0.3771776258945465,0,0,0,0,0.4360008239746094,100.0,1561.3428955078125,1561.3428955078125,0.0,1561.3428955078125,0.0,0.0
recurrent,100,0.5,joint,weight_unit,,,0,0,0,8,-0.15000000596046448,0.3771776258945465,0,0,0,0,0.4360008239746094,100.0,15.613429069519043,1561.3428955078125,0.0,15.613429069519043,0.0,0.0
recurrent,100,0.5,joint,per_family,,,0,0,0,8,-0.15000000596046448,0.3771776258945465,0,0,0,0,0.4360008239746094,100.0,1561.3428955078125,1561.3428955078125,0.0,1561.3428955078125,0.0,0.0
recurrent,100,0.5,joint,weight_unit_per_family,,,0,0,0,8,-0.15000000596046448,0.3771776258945465,0,0,0,0,0.4360008239746094,100.0,15.613429069519043,1561.3428955078125,0.0,15.613429069519043,0.0,0.0
recurrent,100,0.02,frozen,baseline,,,1,0,0,8,-125.1500015258789,80.34001922607422,1,0,1,1,0.012637692503631115,100.0,141981.859375,141981.859375,0.0,141981.859375,0.0,0
recurrent,100,0.02,frozen,weight_unit,,,1,0,0,8,-125.1500015258789,80.34001922607422,1,0,1,1,0.012637692503631115,100.0,1419.818603515625,141981.859375,0.0,1419.818603515625,0.0,0
recurrent,100,0.02,frozen,per_family,,,1,0,0,8,-125.1500015258789,80.34001922607422,1,0,1,1,0.012637692503631115,100.0,141981.859375,141981.859375,0.0,141981.859375,0.0,0
recurrent,100,0.02,frozen,weight_unit_per_family,,,1,0,0,8,-125.1500015258789,80.34001922607422,1,0,1,1,0.012637692503631115,100.0,1419.818603515625,141981.859375,0.0,1419.818603515625,0.0,0
recurrent,100,0.02,joint,baseline,,,1,0,0,8,-125.14936065673828,80.33960723876953,1,0,1,1,0.01263769343495369,99.9994888305664,141979.75,141979.75,0.7996283769607544,141979.75,0.7996283769607544,5.631989097309997e-06
recurrent,100,0.02,joint,weight_unit,,,1,0,0,8,-125.14936065673828,80.33960723876953,1,0,1,1,0.012637694366276264,99.9994888305664,1419.8048095703125,141979.734375,0.7996283769607544,1419.8045654296875,0.7996283769607544,0.0005631960229948163
recurrent,100,0.02,joint,per_family,,,1,0,0,8,-125.14936065673828,80.33960723876953,1,0,1,1,0.01263769343495369,99.9994888305664,141979.73437725176,141979.734375,0.7996283769607544,141979.734375,0.7996283769607544,0.7996283769607544
recurrent,100,0.02,joint,weight_unit_per_family,,,1,0,0,8,-125.14936065673828,80.33960723876953,1,0,1,1,0.012637692503631115,99.9994888305664,1419.8047906034565,141979.734375,0.7996283769607544,1419.8045654296875,0.7996283769607544,0.7996283769607544
xor,1,0.02,frozen,baseline,,,0,0,0,1,-2.0,1.3556485176086426,14,6,2,2,0.00018179661128669977,1.0,0.6816703677177429,0.6816703677177429,0.0,0.6816703677177429,0.0,0
linear,1,0.02,frozen,sgd,22,22,0,43,16,4,1.0,0.09581492841243744,1,0,1,1,0.003216759767383337,1.0,0.10537411272525787,0.10537411272525787,0.0,0.10537411272525787,0.0,0
linear,1,0.02,frozen,sgd_momentum,7,7,0,58,16,4,1.0,0.09581492841243744,1,0,1,1,0.05346721410751343,1.0,0.10537411272525787,0.10537411272525787,0.0,0.10537411272525787,0.0,0
